{
    "ConvLSTM_climate_s4_sig1": {
        "RFNE": 0.011695634573698044,
        "MAE": 2.1205320358276367,
        "MSE": 11.062002182006836,
        "IN": 21.92203140258789,
        "SSIM": 0.9099612832069397,
        "PSNR": 40.03157043457031
    },
    "NODE_climate_s4_sig1": {
        "RFNE": 0.0071186162531375885,
        "MAE": 1.391965389251709,
        "MSE": 3.9632010459899902,
        "IN": 15.624282836914062,
        "SSIM": 0.9344621896743774,
        "PSNR": 44.13068771362305
    },
    "Trilinear_climate_s4_sig1": {
        "RFNE": 0.015424418849052069,
        "MAE": 2.7761137787409798,
        "MSE": 19.63369300082041,
        "IN": 26.298703808961644,
        "SSIM": 0.8939309120178223,
        "PSNR": 37.77929331898858
    },
    "FNO_climate_s4_sig1_rk4": {
        "RFNE": 0.009233896620571613,
        "MAE": 1.6324504613876343,
        "MSE": 6.792703151702881,
        "IN": 19.085391998291016,
        "SSIM": 0.9464791417121887,
        "PSNR": 42.336212158203125
    },
    "ConvLSTM_climate_s4_sig0": {
        "RFNE": 0.011453622952103615,
        "MAE": 2.09380841255188,
        "MSE": 10.615459442138672,
        "IN": 22.709089279174805,
        "SSIM": 0.9042195677757263,
        "PSNR": 40.189701080322266
    },
    "NODE_climate_s4_sig0": {
        "RFNE": 0.007140892557799816,
        "MAE": 1.3910350799560547,
        "MSE": 4.007486820220947,
        "IN": 17.3972225189209,
        "SSIM": 0.9278026819229126,
        "PSNR": 44.11800765991211
    },
    "FNO_climate_s4_sig0_rk4": {
        "RFNE": 0.008861166425049305,
        "MAE": 1.6010212898254395,
        "MSE": 6.285494327545166,
        "IN": 17.8967227935791,
        "SSIM": 0.9421616792678833,
        "PSNR": 42.20420455932617
    },
    "Trilinear_climate_s4_sig0": {
        "RFNE": 0.014795391529101825,
        "MAE": 2.6984662268288,
        "MSE": 18.04665354364967,
        "IN": 26.013221570969375,
        "SSIM": 0.8891473412513733,
        "PSNR": 38.091723345205665
    },
    "ConvLSTM_climate_s4_sig2": {
        "RFNE": 0.010997177101671696,
        "MAE": 1.996046543121338,
        "MSE": 9.865764617919922,
        "IN": 20.20867156982422,
        "SSIM": 0.9239659905433655,
        "PSNR": 40.57605743408203
    },
    "NODE_climate_s4_sig2": {
        "RFNE": 0.006372191943228245,
        "MAE": 1.2710785865783691,
        "MSE": 3.1864304542541504,
        "IN": 12.6998291015625,
        "SSIM": 0.9489331245422363,
        "PSNR": 45.05190658569336
    },
    "FNO_climate_s4_sig2_rk4": {
        "RFNE": 0.009059161879122257,
        "MAE": 1.5889441967010498,
        "MSE": 6.55483865737915,
        "IN": 19.016897201538086,
        "SSIM": 0.9482115507125854,
        "PSNR": 42.21019744873047
    },
    "Trilinear_climate_s4_sig2": {
        "RFNE": 0.01446528797543126,
        "MAE": 2.6030031336123356,
        "MSE": 17.336306449698846,
        "IN": 24.776905785616517,
        "SSIM": 0.9088901281356812,
        "PSNR": 38.33472065185565
    },
    "ConvLSTM_climate_s4_sig4": {
        "RFNE": 0.010639961808919907,
        "MAE": 1.915167212486267,
        "MSE": 9.390969276428223,
        "IN": 18.702316284179688,
        "SSIM": 0.9449440836906433,
        "PSNR": 41.043148040771484
    },
    "NODE_climate_s4_sig4": {
        "RFNE": 0.005876509007066488,
        "MAE": 1.1821156740188599,
        "MSE": 2.7147276401519775,
        "IN": 10.212045669555664,
        "SSIM": 0.9677916765213013,
        "PSNR": 45.767486572265625
    },
    "FNO_climate_s4_sig4_rk4": {
        "RFNE": 0.008837892673909664,
        "MAE": 1.6125602722167969,
        "MSE": 6.2549004554748535,
        "IN": 16.55751609802246,
        "SSIM": 0.9536284804344177,
        "PSNR": 42.32402801513672
    },
    "Trilinear_climate_s4_sig4": {
        "RFNE": 0.014018542763518703,
        "MAE": 2.5050766826736908,
        "MSE": 16.514284194284297,
        "IN": 23.031349241231833,
        "SSIM": 0.9325624108314514,
        "PSNR": 38.81945302064292
    },
    "ConvLSTM_climate_s4_sig1_normalized": {
        "RFNE": 0.15809407830238342,
        "MAE": 0.1016194075345993,
        "MSE": 0.02540372870862484,
        "IN": 1.0505400896072388,
        "SSIM": 0.8527228236198425,
        "PSNR": 21.96831703186035
    },
    "NODE_climate_s4_sig1_normalized": {
        "RFNE": 0.09641855955123901,
        "MAE": 0.06670528650283813,
        "MSE": 0.009101434610784054,
        "IN": 0.748741626739502,
        "SSIM": 0.9070569276809692,
        "PSNR": 26.06743049621582
    },
    "FNO_climate_s4_sig1_rk4_normalized": {
        "RFNE": 0.1258423924446106,
        "MAE": 0.07822973281145096,
        "MSE": 0.015599344857037067,
        "IN": 0.9146037101745605,
        "SSIM": 0.9003900289535522,
        "PSNR": 24.350730895996094
    },
    "Trilinear_climate_s4_sig1_normalized": {
        "RFNE": 0.20856133377244815,
        "MAE": 0.13303598562981647,
        "MSE": 0.04508849462367654,
        "IN": 1.2602775897746294,
        "SSIM": 0.8135290145874023,
        "PSNR": 19.71604010538177
    },
    "ConvLSTM_climate_s4_sig0_normalized": {
        "RFNE": 0.15410201251506805,
        "MAE": 0.10033878684043884,
        "MSE": 0.024378251284360886,
        "IN": 1.0882573127746582,
        "SSIM": 0.8440617322921753,
        "PSNR": 22.552715301513672
    },
    "NODE_climate_s4_sig0_normalized": {
        "RFNE": 0.09622657299041748,
        "MAE": 0.06666071712970734,
        "MSE": 0.009203136898577213,
        "IN": 0.8337037563323975,
        "SSIM": 0.9008162021636963,
        "PSNR": 26.48102378845215
    },
    "FNO_climate_s4_sig0_rk4_normalized": {
        "RFNE": 0.11823184788227081,
        "MAE": 0.0767236053943634,
        "MSE": 0.014434547163546085,
        "IN": 0.8576408624649048,
        "SSIM": 0.8968418836593628,
        "PSNR": 24.155920028686523
    },
    "Trilinear_climate_s4_sig0_normalized": {
        "RFNE": 0.1992286518772853,
        "MAE": 0.12931498590729645,
        "MSE": 0.04144388125271185,
        "IN": 1.2465968065149708,
        "SSIM": 0.8039774298667908,
        "PSNR": 20.454736844675082
    },
    "ConvLSTM_climate_s4_sig2_normalized": {
        "RFNE": 0.15017357468605042,
        "MAE": 0.09565386921167374,
        "MSE": 0.022656584158539772,
        "IN": 0.968433141708374,
        "SSIM": 0.8658919930458069,
        "PSNR": 22.330514907836914
    },
    "NODE_climate_s4_sig2_normalized": {
        "RFNE": 0.08706454932689667,
        "MAE": 0.06091219186782837,
        "MSE": 0.007317591458559036,
        "IN": 0.608596920967102,
        "SSIM": 0.9224185347557068,
        "PSNR": 26.806365966796875
    },
    "FNO_climate_s4_sig2_rk4_normalized": {
        "RFNE": 0.12676705420017242,
        "MAE": 0.07614484429359436,
        "MSE": 0.015053093433380127,
        "IN": 0.9113213419914246,
        "SSIM": 0.9061474204063416,
        "PSNR": 23.850046157836914
    },
    "Trilinear_climate_s4_sig2_normalized": {
        "RFNE": 0.19759900359212326,
        "MAE": 0.12474023583956577,
        "MSE": 0.03981257933079591,
        "IN": 1.187350499568319,
        "SSIM": 0.8251587748527527,
        "PSNR": 20.089181004564686
    },
    "ConvLSTM_climate_s4_sig4_normalized": {
        "RFNE": 0.1448611170053482,
        "MAE": 0.0917779877781868,
        "MSE": 0.021566228941082954,
        "IN": 0.8962461948394775,
        "SSIM": 0.888177216053009,
        "PSNR": 22.658912658691406
    },
    "NODE_climate_s4_sig4_normalized": {
        "RFNE": 0.08005667477846146,
        "MAE": 0.05664895474910736,
        "MSE": 0.006234333850443363,
        "IN": 0.4893781542778015,
        "SSIM": 0.9404689073562622,
        "PSNR": 27.38325309753418
    },
    "FNO_climate_s4_sig4_rk4_normalized": {
        "RFNE": 0.1218135729432106,
        "MAE": 0.0772765651345253,
        "MSE": 0.014364290982484818,
        "IN": 0.7934636473655701,
        "SSIM": 0.9041019082069397,
        "PSNR": 24.129138946533203
    },