{
    "TriLinear_DT_1024_s4_v0": {
        "RFNE": 0.3427203893661499,
        "MAE": 0.5087032914161682,
        "MSE": 0.6016937494277954,
        "IN": 4.363908290863037,
        "RFNE_v2": 0.36427628993988037,
        "SSIM": NaN,
        "PSNR": 21.990978240966797
    },
    "TriLinear_DT_1024_s8_v0": {
        "RFNE": 0.3952970504760742,
        "MAE": 0.6032177209854126,
        "MSE": 0.7257198095321655,
        "IN": 4.63038444519043,
        "RFNE_v2": 0.40238988399505615,
        "SSIM": NaN,
        "PSNR": 20.409849166870117
    },
    "TriLinear_DT_1024_s16_v0": {
        "RFNE": 0.5396764874458313,
        "MAE": 0.8517972230911255,
        "MSE": 1.3114062547683716,
        "IN": 5.145645618438721,
        "RFNE_v2": 0.540370523929596,
        "SSIM": NaN,
        "PSNR": 17.14030647277832
    }
}