{
    "PASR_DT_LR_SIM_512_s4": {
        "RFNE": 0.21675945818424225,
        "MAE": 0.19093191623687744,
        "MSE": 0.15571491420269012,
        "IN": 1.7789853811264038,
        "RFNE_v2": 0.22070519626140594,
        "SSIM": 0.8627338409423828,
        "PSNR": 35.38123321533203
    },
    "ConvLSTM_DT_LR_SIM_512_s4": {
        "RFNE": 0.17835557460784912,
        "MAE": 0.16603995859622955,
        "MSE": 0.11835897713899612,
        "IN": 1.442308783531189,
        "RFNE_v2": 0.17872433364391327,
        "SSIM": 0.888916552066803,
        "PSNR": 37.330379486083984
    },
    "PASR_DT_LR_SIM_1024_s4": {
        "RFNE": 0.15771350264549255,
        "MAE": 0.12376385182142258,
        "MSE": 0.06987068802118301,
        "IN": 1.4840030670166016,
        "RFNE_v2": 0.16846652328968048,
        "SSIM": 0.9090246558189392,
        "PSNR": 37.657470703125
    },
    "ConvLSTM_DT_LR_SIM_1024_s4": {
        "RFNE": 0.17890441417694092,
        "MAE": 0.16669972240924835,
        "MSE": 0.11919467151165009,
        "IN": 1.44624662399292,
        "RFNE_v2": 0.1793070137500763,
        "SSIM": 0.8883950114250183,
        "PSNR": 37.33951950073242
    },
    "PASR_DT_LR_SIM_256_s4": {
        "RFNE": 0.3954220414161682,
        "MAE": 0.351091593503952,
        "MSE": 0.44929245114326477,
        "IN": 2.321692943572998,
        "RFNE_v2": 0.39695557951927185,
        "SSIM": 0.7092952728271484,
        "PSNR": 30.359577178955078
    },
    "TriLinear_DT_LR_SIM_512_s4": {
        "RFNE": 0.24790984392166138,
        "MAE": 0.2390325665473938,
        "MSE": 0.23515713214874268,
        "IN": 1.7945362329483032,
        "RFNE_v2": 0.25231531262397766,
        "SSIM": 0.8223526477813721,
        "PSNR": 33.71879196166992
    },
    "TriLinear_DT_LR_SIM_1024_s4": {
        "RFNE": 0.20536236464977264,
        "MAE": 0.2004452794790268,
        "MSE": 0.19863760471343994,
        "IN": 1.632819414138794,
        "RFNE_v2": 0.21675743162631989,
        "SSIM": 0.8680257201194763,
        "PSNR": 35.73390579223633
    },
    "TriLinear_DT_LR_SIM_256_s4": {
        "RFNE": 0.39070430397987366,
        "MAE": 0.35259029269218445,
        "MSE": 0.43065086007118225,
        "IN": 2.1949734687805176,
        "RFNE_v2": 0.3915008008480072,
        "SSIM": 0.6903035044670105,
        "PSNR": 29.169071197509766
    },
    "ConvLSTM_DT_LR_SIM_256_s4": {
        "RFNE": 0.5488231182098389,
        "MAE": 0.43373605608940125,
        "MSE": 0.5294035077095032,
        "IN": 3.0766093730926514,
        "RFNE_v2": 0.5496100187301636,
        "SSIM": 0.5288744568824768,
        "PSNR": 24.17937660217285
    },
    "FNO_DT_LR_SIM_1024_s4": {
        "RFNE": 0.3082274794578552,
        "MAE": 0.46741917729377747,
        "MSE": 0.42068955302238464,
        "IN": 3.367218255996704,
        "RFNE_v2": 0.3188692331314087,
        "SSIM": 0.7525206804275513,
        "PSNR": 22.0429744720459
    }
}