{
    "PASR_ODE_small_Decay_turb_small_rk4": {
        "RFNE": 0.06773411482572556,
        "MAE": 0.03238055109977722,
        "MSE": 0.010304215364158154,
        "IN": 0.6263056993484497,
        "SSIM": 0.9834412336349487,
        "PSNR": 48.24213409423828
    },
    "Tri_Decay_turb_small_None": {
        "RFNE": 0.19122998416423798,
        "MAE": 0.13789287209510803,
        "MSE": 0.12604279816150665,
        "IN": 1.0903829336166382,
        "SSIM": 0.8592619299888611,
        "PSNR": 41.1488151550293
    },
    "ConvLSTM_Decay_turb_small_None": {
        "RFNE": 0.06876233220100403,
        "MAE": 0.046237289905548096,
        "MSE": 0.017897289246320724,
        "IN": 0.5287477374076843,
        "SSIM": 0.9636228680610657,
        "PSNR": 50.64156723022461
    },
    "Tri_RBC_small_None": {
        "RFNE": 0.13558306985054738,
        "MAE": 0.23509716097712305,
        "MSE": 0.4630519047305123,
        "IN": 3.092629221994831,
        "SSIM": 0.9269397258758545,
        "PSNR": 55.89737592805373
    },
    "ConvLSTM_RBC_small_None": {
        "RFNE": 0.08926656097173691,
        "MAE": 0.17365215718746185,
        "MSE": 0.3289978802204132,
        "IN": 2.673800230026245,
        "SSIM": 0.9630902409553528,
        "PSNR": 62.02819061279297
    },
    "PASR_ODE_small_rbc_small_euler": {
        "RFNE": 0.06933298707008362,
        "MAE": 0.07443566620349884,
        "MSE": 0.04553046077489853,
        "IN": 1.1586461067199707,
        "SSIM": 0.9729608297348022,
        "PSNR": 60.85037612915039
    },
    "PASR_small_rbc_small_RK4": {
        "RFNE": 0.06382165849208832,
        "MAE": 0.0712345689535141,
        "MSE": 0.044728249311447144,
        "IN": 1.1254202127456665,
        "SSIM": 0.9776006937026978,
        "PSNR": 62.17097473144531
    },
    "PASR_small_Decay_turb_small_Euler": {
        "RFNE": 0.08550836890935898,
        "MAE": 0.04146009311079979,
        "MSE": 0.013452034443616867,
        "IN": 0.7717633247375488,
        "SSIM": 0.976180911064148,
        "PSNR": 45.68833541870117
    },
    "Tri_Climate_None": {
        "RFNE": 0.01529814613914161,
        "MAE": 2.725782248457044,
        "MSE": 19.298269904137044,
        "IN": 27.24361421359308,
        "SSIM": 0.8809213042259216,
        "PSNR": 37.78317811723169
    },
    "ConvLSTM_Climate_None": {
        "RFNE": 0.011390653438866138,
        "MAE": 2.0808584690093994,
        "MSE": 10.477060317993164,
        "IN": 22.325542449951172,
        "SSIM": 0.9035704135894775,
        "PSNR": 40.2060661315918
    },
    "PASR_small_climate_Euler": {
        "RFNE": 0.008620034903287888,
        "MAE": 1.5556920766830444,
        "MSE": 5.999221324920654,
        "IN": 17.49390411376953,
        "SSIM": 0.9458696246147156,
        "PSNR": 42.62627410888672
    },
    "FNO_Decay_turb_small_None": {
        "RFNE": 0.24759969115257263,
        "MAE": 0.1554660201072693,
        "MSE": 0.1219182014465332,
        "IN": 1.2065573930740356,
        "SSIM": 0.8599438667297363,
        "PSNR": 36.82846450805664
    },
    "FNO_Climate_None": {
        "RFNE": 0.0073339673690497875,
        "MAE": 1.423447847366333,
        "MSE": 4.2086076736450195,
        "IN": 17.332530975341797,
        "SSIM": 0.9229270815849304,
        "PSNR": 43.831451416015625
    }
}