{
    "PASR_DT_LR_SIM_512_s4": {
        "RFNE": 0.2495955228805542,
        "MAE": 0.21380196511745453,
        "MSE": 0.1895720362663269,
        "IN": 1.9739866256713867,
        "RFNE_v2": 0.2515372037887573,
        "SSIM": 0.8455706238746643,
        "PSNR": 34.64368438720703
    },
    "ConvLSTM_DT_LR_SIM_512_s4": {
        "RFNE": 0.20943070948123932,
        "MAE": 0.18757544457912445,
        "MSE": 0.14322179555892944,
        "IN": 1.6288210153579712,
        "RFNE_v2": 0.2095104306936264,
        "SSIM": 0.8686261773109436,
        "PSNR": 35.542091369628906
    },
    "PASR_DT_LR_SIM_1024_s4": {
        "RFNE": 0.16153056919574738,
        "MAE": 0.12553952634334564,
        "MSE": 0.07219909876585007,
        "IN": 1.4991044998168945,
        "RFNE_v2": 0.172072634100914,
        "SSIM": 0.9068806171417236,
        "PSNR": 37.58232879638672
    },
    "ConvLSTM_DT_LR_SIM_1024_s4": {
        "RFNE": 0.1788850575685501,
        "MAE": 0.1667156219482422,
        "MSE": 0.11911448836326599,
        "IN": 1.444525957107544,
        "RFNE_v2": 0.17928825318813324,
        "SSIM": 0.8818463683128357,
        "PSNR": 36.44874572753906
    }
}