{
    "PASR_DT_1024_s4_v0_euler": {
        "RFNE": 0.14036470651626587,
        "MAE": 0.11187973618507385,
        "MSE": 0.0600208044052124,
        "IN": 1.3684669733047485,
        "RFNE_v2": 0.15198379755020142,
        "SSIM": 0.9111412763595581,
        "PSNR": 38.351287841796875
    },
    "PASR_DT_1024_s8_v0_euler": {
        "RFNE": 0.21450874209403992,
        "MAE": 0.19283099472522736,
        "MSE": 0.15596862137317657,
        "IN": 1.7372584342956543,
        "RFNE_v2": 0.2205381840467453,
        "SSIM": 0.8332850933074951,
        "PSNR": 34.540340423583984
    },
    "PASR_DT_1024_s16_v0_euler": {
        "RFNE": 0.3924872577190399,
        "MAE": 0.3619953691959381,
        "MSE": 0.4475923776626587,
        "IN": 2.4672417640686035,
        "RFNE_v2": 0.39831140637397766,
        "SSIM": 0.7010952234268188,
        "PSNR": 34.874725341796875
    },
    "PASR_DT_1024_s4_v0_rk4": {
        "RFNE": 0.1485297679901123,
        "MAE": 0.11962923407554626,
        "MSE": 0.06594870239496231,
        "IN": 1.452439308166504,
        "RFNE_v2": 0.16058127582073212,
        "SSIM": 0.9041714668273926,
        "PSNR": 37.752986907958984
    },
    "PASR_DT_1024_s8_v0_rk4": {
        "RFNE": 0.20611979067325592,
        "MAE": 0.18598225712776184,
        "MSE": 0.1511811465024948,
        "IN": 1.7414253950119019,
        "RFNE_v2": 0.21071845293045044,
        "SSIM": 0.8414319753646851,
        "PSNR": 34.83299255371094
    },
    "PASR_DT_1024_s16_v0_rk4": {
        "RFNE": 0.3914230167865753,
        "MAE": 0.3576270639896393,
        "MSE": 0.4413827061653137,
        "IN": 2.491640329360962,
        "RFNE_v2": 0.3972044587135315,
        "SSIM": 0.7054060101509094,
        "PSNR": 31.776674270629883
    },
    "ConvLSTM_DT_1024_s4_v0": {
        "RFNE": 0.3047765791416168,
        "MAE": 0.44867679476737976,
        "MSE": 0.4933113157749176,
        "IN": 4.15376615524292,
        "RFNE_v2": 0.33025920391082764,
        "SSIM": 0.8157607913017273,
        "PSNR": 32.66415786743164
    },
    "ConvLSTM_DT_1024_s8_v0": {
        "RFNE": 0.2727612257003784,
        "MAE": 0.3973497152328491,
        "MSE": 0.33838412165641785,
        "IN": 3.5465967655181885,
        "RFNE_v2": 0.27313777804374695,
        "SSIM": 0.8789582848548889,
        "PSNR": 36.030887603759766
    },
    "ConvLSTM_DT_1024_s16_v0": {
        "RFNE": 0.4929662346839905,
        "MAE": 0.7755537033081055,
        "MSE": 1.091705560684204,
        "IN": 4.90242338180542,
        "RFNE_v2": 0.4932505488395691,
        "SSIM": 0.7233192324638367,
        "PSNR": 29.850502014160156
    },
    "FNO_DT_1024_s4_v0": {
        "RFNE": 0.29741913080215454,
        "MAE": 0.4744812548160553,
        "MSE": 0.4350351393222809,
        "IN": 3.445572853088379,
        "RFNE_v2": 0.30915164947509766,
        "SSIM": 0.7633190155029297,
        "PSNR": 22.021137237548828
    },
    "FNO_DT_1024_s8_v0": {
        "RFNE": 0.3781258761882782,
        "MAE": 0.6102619171142578,
        "MSE": 0.6459248661994934,
        "IN": 3.905207872390747,
        "RFNE_v2": 0.3802858293056488,
        "SSIM": 0.7940015196800232,
        "PSNR": 31.69557762145996
    },
    "FNO_DT_1024_s16_v0": {
        "RFNE": 0.5405826568603516,
        "MAE": 0.8762218952178955,
        "MSE": 1.3077622652053833,
        "IN": 4.883246421813965,
        "RFNE_v2": 0.5405409336090088,
        "SSIM": 0.5061048865318298,
        "PSNR": 26.213829040527344
    },
    "TriLinear_DT_1024_s4_v0": {
        "RFNE": 0.3427203893661499,
        "MAE": 0.5087032914161682,
        "MSE": 0.6016937494277954,
        "IN": 4.363908290863037,
        "RFNE_v2": 0.36427628993988037,
        "SSIM": 0.8413488864898682,
        "PSNR": 35.66093826293945
    },
    "TriLinear_DT_1024_s8_v0": {
        "RFNE": 0.3952970802783966,
        "MAE": 0.6032177209854126,
        "MSE": 0.7257198095321655,
        "IN": 4.63038444519043,
        "RFNE_v2": 0.40238988399505615,
        "SSIM": 0.7977423667907715,
        "PSNR": 33.38463592529297
    },
    "TriLinear_DT_1024_s16_v0": {
        "RFNE": 0.5396765470504761,
        "MAE": 0.8517972230911255,
        "MSE": 1.3114062547683716,
        "IN": 5.145645618438721,
        "RFNE_v2": 0.540370523929596,
        "SSIM": 0.6865596175193787,
        "PSNR": 28.78471565246582
    },
    "PASR_DT_lrsim_1024_s4_v0_euler": {
        "RFNE": 0.1848486214876175,
        "MAE": 0.24357406795024872,
        "MSE": 0.17063237726688385,
        "IN": 3.34454083442688,
        "RFNE_v2": 0.19581538438796997,
        "SSIM": 0.9111412763595581,
        "PSNR": 38.351287841796875
    },
    "PASR_DT_lrsim_1024_s8_v0_euler": {
        "RFNE": 0.3137187659740448,
        "MAE": 0.44725245237350464,
        "MSE": 0.4510689973831177,
        "IN": 4.282362937927246,
        "RFNE_v2": 0.3177257478237152,
        "SSIM": 0.8332850933074951,
        "PSNR": 34.540340423583984
    },
    "PASR_DT_lrsim_1024_s16_v0_euler": {
        "RFNE": 0.5304146409034729,
        "MAE": 0.8264542818069458,
        "MSE": 1.2771011590957642,
        "IN": 5.596610069274902,
        "RFNE_v2": 0.5338543057441711,
        "SSIM": 0.7010952234268188,
        "PSNR": 34.874725341796875
    },
    "PASR_DT_lrsim_1024_s4_v0_rk4": {
        "RFNE": 0.193028062582016,
        "MAE": 0.2589094042778015,
        "MSE": 0.18714946508407593,
        "IN": 3.5444366931915283,
        "RFNE_v2": 0.204676553606987,
        "SSIM": 0.9041714668273926,
        "PSNR": 37.752986907958984
    },
    "PASR_DT_lrsim_1024_s8_v0_rk4": {
        "RFNE": 0.30894291400909424,
        "MAE": 0.43660274147987366,
        "MSE": 0.43874478340148926,
        "IN": 4.3262858390808105,
        "RFNE_v2": 0.3122655749320984,
        "SSIM": 0.8414319753646851,
        "PSNR": 34.83299255371094
    },
    "PASR_DT_lrsim_1024_s16_v0_rk4": {
        "RFNE": 0.5260327458381653,
        "MAE": 0.8146503567695618,
        "MSE": 1.258573055267334,
        "IN": 5.561984539031982,
        "RFNE_v2": 0.5297380685806274,
        "SSIM": 0.7054060101509094,
        "PSNR": 31.776674270629883
    }
}