{
    "ConvLSTM_climate_s4_sig1": {
        "RFNE": 0.011965385638177395,
        "MAE": 2.167416572570801,
        "MSE": 11.528363227844238,
        "IN": 23.39557456970215,
        "SSIM": 0.9007044434547424,
        "PSNR": 39.81271743774414
    },
    "FNO_climate_s4_sig1": {
        "RFNE": 0.007471153512597084,
        "MAE": 1.4458093643188477,
        "MSE": 4.361210823059082,
        "IN": 17.593852996826172,
        "SSIM": 0.9250616431236267,
        "PSNR": 43.719810485839844
    },
    "Trilinear_climate_s4_sig1": {
        "RFNE": 0.01567501427790154,
        "MAE": 2.8216921720682344,
        "MSE": 20.186754747598723,
        "IN": 27.52405795738908,
        "SSIM": 0.8845334053039551,
        "PSNR": 37.61057177930506
    }
}