{
    "PASR_DT_LR_SIM_1024_s4": {
        "RFNE": 0.193028062582016,
        "MAE": 0.2589094042778015,
        "MSE": 0.18714946508407593,
        "IN": 3.5444366931915283,
        "RFNE_v2": 0.204676553606987,
        "SSIM": 0.9041714668273926,
        "PSNR": 37.752986907958984
    },
    "PASR_DT_LR_SIM_512_s4": {
        "RFNE": 0.25217199325561523,
        "MAE": 0.37023645639419556,
        "MSE": 0.32396429777145386,
        "IN": 3.781296968460083,
        "RFNE_v2": 0.25693902373313904,
        "SSIM": 0.8627338409423828,
        "PSNR": 36.38739013671875
    },
    "PASR_DT_LR_SIM_256_s4": {
        "RFNE": 0.5127507448196411,
        "MAE": 0.7525069117546082,
        "MSE": 1.1402188539505005,
        "IN": 5.355323314666748,
        "RFNE_v2": 0.513573169708252,
        "SSIM": 0.7092952728271484,
        "PSNR": 30.359577178955078
    },
    "ConvLSTM_DT_LR_SIM_1024_s4": {
        "RFNE": 0.30484193563461304,
        "MAE": 0.4487432539463043,
        "MSE": 0.4935740530490875,
        "IN": 4.15647029876709,
        "RFNE_v2": 0.3303385078907013,
        "SSIM": 0.8191234469413757,
        "PSNR": 33.52815246582031
    },
    "ConvLSTM_DT_LR_SIM_512_s4": {
        "RFNE": 0.2639640271663666,
        "MAE": 0.3750142753124237,
        "MSE": 0.30493050813674927,
        "IN": 3.4472968578338623,
        "RFNE_v2": 0.26436638832092285,
        "SSIM": 0.889115571975708,
        "PSNR": 37.49170684814453
    },
    "ConvLSTM_DT_LR_SIM_256_s4": {
        "RFNE": 0.574766993522644,
        "MAE": 0.8992955088615417,
        "MSE": 1.4136962890625,
        "IN": 5.728157997131348,
        "RFNE_v2": 0.5750445127487183,
        "SSIM": 0.5280662178993225,
        "PSNR": 24.41896629333496
    },
    "FNO_DT_LR_SIM_1024_s4": {
        "RFNE": 0.29850801825523376,
        "MAE": 0.4699746072292328,
        "MSE": 0.4256698191165924,
        "IN": 3.384305715560913,
        "RFNE_v2": 0.30972549319267273,
        "SSIM": 0.7525206804275513,
        "PSNR": 22.0429744720459
    },
    "FNO_DT_LR_SIM_512_s4": {
        "RFNE": 0.3687497675418854,
        "MAE": 0.5841253995895386,
        "MSE": 0.5948277711868286,
        "IN": 3.7437686920166016,
        "RFNE_v2": 0.37112870812416077,
        "SSIM": 0.7976661324501038,
        "PSNR": 31.71278953552246
    },
    "FNO_DT_LR_SIM_256_s4": {
        "RFNE": 0.5240280628204346,
        "MAE": 0.8221713304519653,
        "MSE": 1.1694377660751343,
        "IN": 4.743480682373047,
        "RFNE_v2": 0.5241168737411499,
        "SSIM": 0.476097971200943,
        "PSNR": 16.115785598754883
    },
    "TriLinear_DT_LR_SIM_512_s4": {
        "RFNE": 0.3855036795139313,
        "MAE": 0.57941734790802,
        "MSE": 0.6733145117759705,
        "IN": 4.458705425262451,
        "RFNE_v2": 0.39341604709625244,
        "SSIM": 0.8223526477813721,
        "PSNR": 33.71879196166992
    },
    "TriLinear_DT_LR_SIM_1024_s4": {
        "RFNE": 0.34236642718315125,
        "MAE": 0.5025461912155151,
        "MSE": 0.5850331783294678,
        "IN": 4.263814449310303,
        "RFNE_v2": 0.36307644844055176,
        "SSIM": 0.8680257201194763,
        "PSNR": 35.73390579223633
    },
    "TriLinear_DT_LR_SIM_256_s4": {
        "RFNE": 0.5195731520652771,
        "MAE": 0.7923200726509094,
        "MSE": 1.1568316221237183,
        "IN": 4.977841854095459,
        "RFNE_v2": 0.5206094980239868,
        "SSIM": 0.6903035044670105,
        "PSNR": 29.169071197509766
    }
}