{
    "PASR_ODE_small_Decay_turb_small_rk4": {
        "RFNE": 0.053854361176490784,
        "MAE": 0.020909681916236877,
        "MSE": 0.0037236397620290518,
        "IN": 0.43893638253211975,
        "SSIM": 0.9855038523674011,
        "PSNR": 49.17658615112305
    },
    "Tri_Decay_turb_small_None": {
        "RFNE": 0.18896201252937317,
        "MAE": 0.13835154473781586,
        "MSE": 0.13589729368686676,
        "IN": 1.0953097343444824,
        "SSIM": 0.8575851917266846,
        "PSNR": 40.89008712768555
    },
    "ConvLSTM_Decay_turb_small_None": {
        "RFNE": 0.06780370324850082,
        "MAE": 0.046758681535720825,
        "MSE": 0.01934543065726757,
        "IN": 0.5105783343315125,
        "SSIM": 0.9640910625457764,
        "PSNR": 50.54898452758789
    },
    "Tri_RBC_small_None": {
        "RFNE": 0.13558306985054738,
        "MAE": 0.23509716097712305,
        "MSE": 0.4630519047305123,
        "IN": 3.092629221994831,
        "SSIM": 0.9269397258758545,
        "PSNR": 55.89737592805373
    },
    "ConvLSTM_RBC_small_None": {
        "RFNE": 0.08926656097173691,
        "MAE": 0.17365215718746185,
        "MSE": 0.3289978802204132,
        "IN": 2.673800230026245,
        "SSIM": 0.9630902409553528,
        "PSNR": 62.02819061279297
    },
    "PASR_ODE_small_rbc_small_euler": {
        "RFNE": 0.06933298707008362,
        "MAE": 0.07443566620349884,
        "MSE": 0.04553046077489853,
        "IN": 1.1586461067199707,
        "SSIM": 0.9729608297348022,
        "PSNR": 60.85037612915039
    },
    "PASR_small_rbc_small_RK4": {
        "RFNE": 0.06382165849208832,
        "MAE": 0.0712345689535141,
        "MSE": 0.044728249311447144,
        "IN": 1.1254202127456665,
        "SSIM": 0.9776006937026978,
        "PSNR": 62.17097473144531
    },
    "PASR_small_Decay_turb_small_Euler": {
        "RFNE": 0.08550836890935898,
        "MAE": 0.04146009311079979,
        "MSE": 0.013452034443616867,
        "IN": 0.7717633247375488,
        "SSIM": 0.976180911064148,
        "PSNR": 45.68833541870117
    },
    "Tri_Climate_None": {
        "RFNE": 0.015126035882015606,
        "MAE": 2.763588178417805,
        "MSE": 18.854118782362686,
        "IN": 25.98729730875045,
        "SSIM": 0.8882806897163391,
        "PSNR": 37.89107820732184
    },
    "ConvLSTM_Climate_None": {
        "RFNE": 0.011390653438866138,
        "MAE": 2.0808584690093994,
        "MSE": 10.477060317993164,
        "IN": 22.325542449951172,
        "SSIM": 0.9035704135894775,
        "PSNR": 40.2060661315918
    },
    "PASR_small_climate_Euler": {
        "RFNE": 0.11224740743637085,
        "MAE": 0.07373607903718948,
        "MSE": 0.013297580182552338,
        "IN": 0.8358651995658875,
        "SSIM": 0.9404830932617188,
        "PSNR": 42.61918258666992
    },
    "FNO_Decay_turb_small_None": {
        "RFNE": 0.43792614340782166,
        "MAE": 0.24202929437160492,
        "MSE": 0.15301159024238586,
        "IN": 1.2704514265060425,
        "SSIM": 0.7242644429206848,
        "PSNR": 29.177677154541016
    },
    "FNO_Climate_None": {
        "RFNE": 0.007148485165089369,
        "MAE": 1.393621563911438,
        "MSE": 4.012447834014893,
        "IN": 17.05013084411621,
        "SSIM": 0.9268840551376343,
        "PSNR": 44.08362579345703
    },
    "PASR_ODE_small_Decay_turb_small_euler": {
        "RFNE": 0.05737316235899925,
        "MAE": 0.02198651060461998,
        "MSE": 0.00436624838039279,
        "IN": 0.48291638493537903,
        "SSIM": 0.9838027954101562,
        "PSNR": 48.83797836303711
    },
    "FNO_RBC_small_None": {
        "RFNE": 0.22814370691776276,
        "MAE": 0.23495516180992126,
        "MSE": 0.42854511737823486,
        "IN": 3.348696708679199,
        "SSIM": 0.8228316307067871,
        "PSNR": 49.90865707397461
    }
}