{
    "PASR_DT_lrsim_1024_s4_v0_euler": {
        "RFNE": 0.14036470651626587,
        "MAE": 0.11187973618507385,
        "MSE": 0.0600208044052124,
        "IN": 1.3684669733047485,
        "RFNE_v2": 0.15198379755020142,
        "SSIM": 0.9111412763595581,
        "PSNR": 38.351287841796875
    },
    "PASR_DT_lrsim_1024_s8_v0_euler": {
        "RFNE": 0.21450874209403992,
        "MAE": 0.19283099472522736,
        "MSE": 0.15596862137317657,
        "IN": 1.7372584342956543,
        "RFNE_v2": 0.2205381840467453,
        "SSIM": 0.8332850933074951,
        "PSNR": 34.540340423583984
    },
    "PASR_DT_lrsim_1024_s16_v0_euler": {
        "RFNE": 0.3924872577190399,
        "MAE": 0.3619953691959381,
        "MSE": 0.4475923776626587,
        "IN": 2.4672417640686035,
        "RFNE_v2": 0.39831140637397766,
        "SSIM": 0.7010952234268188,
        "PSNR": 34.874725341796875
    },
    "PASR_DT_lrsim_1024_s4_v0_rk4": {
        "RFNE": 0.1485297679901123,
        "MAE": 0.11962923407554626,
        "MSE": 0.06594870239496231,
        "IN": 1.452439308166504,
        "RFNE_v2": 0.16058127582073212,
        "SSIM": 0.9041714668273926,
        "PSNR": 37.752986907958984
    },
    "PASR_DT_lrsim_1024_s8_v0_rk4": {
        "RFNE": 0.20611979067325592,
        "MAE": 0.18598225712776184,
        "MSE": 0.1511811465024948,
        "IN": 1.7414253950119019,
        "RFNE_v2": 0.21071845293045044,
        "SSIM": 0.8414319753646851,
        "PSNR": 34.83299255371094
    },
    "PASR_DT_lrsim_1024_s16_v0_rk4": {
        "RFNE": 0.3914230167865753,
        "MAE": 0.3576270639896393,
        "MSE": 0.4413827061653137,
        "IN": 2.491640329360962,
        "RFNE_v2": 0.3972044587135315,
        "SSIM": 0.7054060101509094,
        "PSNR": 31.776674270629883
    },
    "ConvLSTM_DT_1024_s4_v0": {
        "RFNE": 0.2371589094400406,
        "MAE": 0.20071983337402344,
        "MSE": 0.17378591001033783,
        "IN": 1.8546174764633179,
        "RFNE_v2": 0.2516818344593048,
        "SSIM": 0.8140193819999695,
        "PSNR": 32.659942626953125
    },
    "ConvLSTM_DT_1024_s8_v0": {
        "RFNE": 0.1682809293270111,
        "MAE": 0.16298742592334747,
        "MSE": 0.11552563309669495,
        "IN": 1.3803752660751343,
        "RFNE_v2": 0.16878162324428558,
        "SSIM": 0.878950834274292,
        "PSNR": 36.05405807495117
    },
    "ConvLSTM_DT_1024_s16_v0": {
        "RFNE": 0.338735967874527,
        "MAE": 0.3291158974170685,
        "MSE": 0.37810397148132324,
        "IN": 2.0164847373962402,
        "RFNE_v2": 0.33932819962501526,
        "SSIM": 0.723315954208374,
        "PSNR": 29.83843421936035
    },
    "FNO_DT_1024_s4_v0": {
        "RFNE": 0.29741913080215454,
        "MAE": 0.4744812548160553,
        "MSE": 0.4350351393222809,
        "IN": 3.445572853088379,
        "RFNE_v2": 0.30915164947509766,
        "SSIM": 0.7633190155029297,
        "PSNR": 22.021137237548828
    },
    "FNO_DT_1024_s8_v0": {
        "RFNE": 0.25474217534065247,
        "MAE": 0.2562866806983948,
        "MSE": 0.22227825224399567,
        "IN": 1.5843223333358765,
        "RFNE_v2": 0.25562191009521484,
        "SSIM": 0.7940015196800232,
        "PSNR": 31.69557762145996
    },
    "FNO_DT_1024_s16_v0": {
        "RFNE": 0.41319406032562256,
        "MAE": 0.38928207755088806,
        "MSE": 0.45981523394584656,
        "IN": 2.090100049972534,
        "RFNE_v2": 0.4133477210998535,
        "SSIM": 0.5061048865318298,
        "PSNR": 26.213829040527344
    },
    "TriLinear_DT_1024_s4_v0": {
        "RFNE": 0.20111232995986938,
        "MAE": 0.2026987224817276,
        "MSE": 0.20409642159938812,
        "IN": 1.692517638206482,
        "RFNE_v2": 0.21333065629005432,
        "SSIM": 0.8413488864898682,
        "PSNR": 35.66093826293945
    },
    "TriLinear_DT_1024_s8_v0": {
        "RFNE": 0.24602563679218292,
        "MAE": 0.24563468992710114,
        "MSE": 0.24765461683273315,
        "IN": 1.8369649648666382,
        "RFNE_v2": 0.2504255175590515,
        "SSIM": 0.7977423667907715,
        "PSNR": 33.38463592529297
    },
    "TriLinear_DT_1024_s16_v0": {
        "RFNE": 0.3822433650493622,
        "MAE": 0.3649352788925171,
        "MSE": 0.45626556873321533,
        "IN": 2.1629769802093506,
        "RFNE_v2": 0.3829170763492584,
        "SSIM": 0.6865596175193787,
        "PSNR": 28.78471565246582
    }
}